region,week,competitor_promo_intensity,port_out_rate_pct
Colombo,1,0.047,0.372
Colombo,2,0.103,0.442
Colombo,3,0.06,0.337
Colombo,4,0.033,0.382
Colombo,5,0.044,0.384
Colombo,6,0.06,0.384
Colombo,7,0.077,0.439
Colombo,8,0.047,0.422
Colombo,9,0.057,0.468
Colombo,10,0.06,0.46
Colombo,11,0.04,0.291
Colombo,12,0.007,0.164
Colombo,13,0.103,0.35
Colombo,14,0.086,0.42
Colombo,15,0.086,0.309
Colombo,16,0.043,0.499
Colombo,17,0.071,0.424
Colombo,18,0.008,0.194
Colombo,19,0.092,0.472
Colombo,20,0.048,0.418
Colombo,21,0.011,0.339
Colombo,22,0.037,0.393
Colombo,23,0.033,0.233
Colombo,24,0.037,0.42
Colombo,25,0.062,0.431
Colombo,26,0.077,0.448
Gampaha,1,0.052,0.366
Gampaha,2,0.079,0.492
Gampaha,3,0.033,0.241
Gampaha,4,0.083,0.42
Gampaha,5,0.052,0.593
Gampaha,6,0.074,0.587
Gampaha,7,0.034,0.447
Gampaha,8,0.051,0.431
Gampaha,9,0.111,0.523
Gampaha,10,0.051,0.329
Gampaha,11,0.077,0.419
Gampaha,12,0.081,0.342
Gampaha,13,0.066,0.388
Gampaha,14,0.072,0.452
Gampaha,15,0.034,0.331
Gampaha,16,0.024,0.406
Gampaha,17,0.019,0.303
Gampaha,18,0.06,0.554
Gampaha,19,0.05,0.38
Gampaha,20,0.058,0.254
Gampaha,21,0.014,0.284
Gampaha,22,0.029,0.221
Gampaha,23,0.076,0.483
Gampaha,24,0.784,2.107
Gampaha,25,0.661,1.909
Gampaha,26,0.64,1.852
Kandy,1,0.026,0.35
Kandy,2,0.084,0.581
Kandy,3,0.09,0.518
Kandy,4,0.051,0.366
Kandy,5,0.004,0.183
Kandy,6,0.045,0.379
Kandy,7,0.092,0.607
Kandy,8,0.029,0.416
Kandy,9,0.036,0.42
Kandy,10,0.074,0.557
Kandy,11,0.035,0.446
Kandy,12,0.006,0.399
Kandy,13,0.049,0.398
Kandy,14,0.011,0.276
Kandy,15,0.091,0.463
Kandy,16,0.071,0.454
Kandy,17,0.082,0.492
Kandy,18,0.022,0.337
Kandy,19,0.098,0.555
Kandy,20,0.047,0.572
Kandy,21,0.085,0.549
Kandy,22,0.06,0.481
Kandy,23,0.073,0.28
Kandy,24,0.666,1.866
Kandy,25,0.674,1.882
Kandy,26,0.635,1.661
Galle,1,0.087,0.527
Galle,2,0.022,0.288
Galle,3,0.076,0.441
Galle,4,0.087,0.574
Galle,5,0.009,0.291
Galle,6,0.037,0.257
Galle,7,0.006,0.231
Galle,8,0.031,0.377
Galle,9,0.081,0.516
Galle,10,0.073,0.433
Galle,11,0.068,0.432
Galle,12,0.037,0.52
Galle,13,0.02,0.178
Galle,14,0.061,0.406
Galle,15,0.007,0.212
Galle,16,0.022,0.405
Galle,17,0.086,0.618
Galle,18,0.002,0.176
Galle,19,0.007,0.4
Galle,20,0.063,0.436
Galle,21,0.057,0.412
Galle,22,0.016,0.36
Galle,23,0.044,0.291
Galle,24,0.067,0.407
Galle,25,0.057,0.406
Galle,26,0.077,0.482
Matara,1,0.023,0.362
Matara,2,0.061,0.466
Matara,3,0.081,0.425
Matara,4,0.07,0.31
Matara,5,0.046,0.369
Matara,6,0.093,0.492
Matara,7,0.068,0.303
Matara,8,0.039,0.307
Matara,9,0.124,0.525
Matara,10,0.052,0.415
Matara,11,0.002,0.243
Matara,12,0.062,0.436
Matara,13,0.019,0.28
Matara,14,0.081,0.521
Matara,15,0.087,0.409
Matara,16,0.088,0.489
Matara,17,0.098,0.515
Matara,18,0.011,0.375
Matara,19,0.037,0.338
Matara,20,0.006,0.425
Matara,21,0.034,0.488
Matara,22,0.037,0.295
Matara,23,0.09,0.489
Matara,24,0.048,0.293
Matara,25,0.036,0.401
Matara,26,0.011,0.263
Jaffna,1,0.037,0.375
Jaffna,2,0.094,0.483
Jaffna,3,0.029,0.57
Jaffna,4,0.037,0.354
Jaffna,5,0.039,0.352
Jaffna,6,0.052,0.479
Jaffna,7,0.062,0.515
Jaffna,8,0.081,0.492
Jaffna,9,0.061,0.516
Jaffna,10,0.017,0.52
Jaffna,11,0.035,0.335
Jaffna,12,0.014,0.218
Jaffna,13,0.079,0.652
Jaffna,14,0.033,0.387
Jaffna,15,0.057,0.496
Jaffna,16,0.117,0.681
Jaffna,17,0.043,0.425
Jaffna,18,0.069,0.444
Jaffna,19,0.017,0.257
Jaffna,20,0.084,0.583
Jaffna,21,0.044,0.406
Jaffna,22,0.086,0.35
Jaffna,23,0.037,0.529
Jaffna,24,0.059,0.331
Jaffna,25,0.054,0.49
Jaffna,26,0.026,0.357
Kurunegala,1,0.039,0.242
Kurunegala,2,0.052,0.395
Kurunegala,3,0.049,0.37
Kurunegala,4,0.019,0.21
Kurunegala,5,0.029,0.419
Kurunegala,6,0.057,0.411
Kurunegala,7,0.019,0.295
Kurunegala,8,0.072,0.493
Kurunegala,9,0.036,0.157
Kurunegala,10,0.03,0.313
Kurunegala,11,0.023,0.302
Kurunegala,12,0.074,0.456
Kurunegala,13,0.08,0.351
Kurunegala,14,0.041,0.223
Kurunegala,15,0.037,0.286
Kurunegala,16,0.088,0.525
Kurunegala,17,0.08,0.439
Kurunegala,18,0.019,0.242
Kurunegala,19,0.058,0.564
Kurunegala,20,0.062,0.4
Kurunegala,21,0.044,0.384
Kurunegala,22,0.111,0.645
Kurunegala,23,0.058,0.427
Kurunegala,24,0.643,1.862
Kurunegala,25,0.696,1.883
Kurunegala,26,0.65,1.841
Anuradhapura,1,0.078,0.6
Anuradhapura,2,0.066,0.466
Anuradhapura,3,0.146,0.647
Anuradhapura,4,0.017,0.299
Anuradhapura,5,0.097,0.408
Anuradhapura,6,0.027,0.434
Anuradhapura,7,0.042,0.372
Anuradhapura,8,0.082,0.42
Anuradhapura,9,0.006,0.183
Anuradhapura,10,0.067,0.463
Anuradhapura,11,0.029,0.257
Anuradhapura,12,0.042,0.47
Anuradhapura,13,0.025,0.287
Anuradhapura,14,0.014,0.285
Anuradhapura,15,0.06,0.594
Anuradhapura,16,0.057,0.411
Anuradhapura,17,0.076,0.518
Anuradhapura,18,0.033,0.543
Anuradhapura,19,0.049,0.417
Anuradhapura,20,0.067,0.467
Anuradhapura,21,0.096,0.463
Anuradhapura,22,0.074,0.47
Anuradhapura,23,0.079,0.454
Anuradhapura,24,0.039,0.433
Anuradhapura,25,0.061,0.36
Anuradhapura,26,0.09,0.555
Batticaloa,1,0.048,0.357
Batticaloa,2,0.061,0.479
Batticaloa,3,0.002,0.315
Batticaloa,4,0.07,0.259
Batticaloa,5,0.056,0.47
Batticaloa,6,0.067,0.506
Batticaloa,7,0.04,0.293
Batticaloa,8,0.004,0.377
Batticaloa,9,0.071,0.544
Batticaloa,10,0.028,0.412
Batticaloa,11,0.005,0.222
Batticaloa,12,0.054,0.462
Batticaloa,13,0.1,0.502
Batticaloa,14,0.024,0.264
Batticaloa,15,0.029,0.528
Batticaloa,16,0.073,0.543
Batticaloa,17,0.043,0.383
Batticaloa,18,0.071,0.41
Batticaloa,19,0.041,0.325
Batticaloa,20,0.037,0.372
Batticaloa,21,0.025,0.364
Batticaloa,22,0.059,0.406
Batticaloa,23,0.025,0.349
Batticaloa,24,0.035,0.367
Batticaloa,25,0.083,0.379
Batticaloa,26,0.115,0.551
Negombo,1,0.062,0.369
Negombo,2,0.084,0.472
Negombo,3,0.038,0.326
Negombo,4,0.042,0.414
Negombo,5,0.055,0.409
Negombo,6,0.029,0.287
Negombo,7,0.036,0.404
Negombo,8,0.07,0.511
Negombo,9,0.05,0.431
Negombo,10,0.045,0.248
Negombo,11,0.044,0.354
Negombo,12,0.019,0.28
Negombo,13,0.054,0.319
Negombo,14,0.029,0.473
Negombo,15,0.002,0.27
Negombo,16,0.015,0.256
Negombo,17,0.044,0.307
Negombo,18,0.067,0.549
Negombo,19,0.075,0.543
Negombo,20,0.009,0.281
Negombo,21,0.064,0.503
Negombo,22,0.103,0.612
Negombo,23,0.077,0.675
Negombo,24,0.668,1.859
Negombo,25,0.663,1.797
Negombo,26,0.786,2.029
Ratnapura,1,0.034,0.353
Ratnapura,2,0.078,0.557
Ratnapura,3,0.021,0.497
Ratnapura,4,0.054,0.43
Ratnapura,5,0.001,0.234
Ratnapura,6,0.081,0.489
Ratnapura,7,0.053,0.426
Ratnapura,8,0.007,0.288
Ratnapura,9,0.092,0.588
Ratnapura,10,0.046,0.516
Ratnapura,11,0.012,0.232
Ratnapura,12,0.106,0.58
Ratnapura,13,0.041,0.375
Ratnapura,14,0.026,0.364
Ratnapura,15,0.056,0.416
Ratnapura,16,0.015,0.338
Ratnapura,17,0.034,0.283
Ratnapura,18,0.088,0.665
Ratnapura,19,0.108,0.592
Ratnapura,20,0.042,0.375
Ratnapura,21,0.062,0.396
Ratnapura,22,0.09,0.332
Ratnapura,23,0.041,0.443
Ratnapura,24,0.025,0.32
Ratnapura,25,0.068,0.564
Ratnapura,26,0.011,0.197
Trincomalee,1,0.022,0.209
Trincomalee,2,0.006,0.217
Trincomalee,3,0.087,0.464
Trincomalee,4,0.051,0.326
Trincomalee,5,0.069,0.596
Trincomalee,6,0.023,0.474
Trincomalee,7,0.061,0.428
Trincomalee,8,0.062,0.46
Trincomalee,9,0.106,0.575
Trincomalee,10,0.066,0.405
Trincomalee,11,0.075,0.384
Trincomalee,12,0.053,0.639
Trincomalee,13,0.025,0.359
Trincomalee,14,0.058,0.401
Trincomalee,15,0.044,0.393
Trincomalee,16,0.042,0.4
Trincomalee,17,0.035,0.527
Trincomalee,18,0.042,0.427
Trincomalee,19,0.03,0.426
Trincomalee,20,0.072,0.486
Trincomalee,21,0.019,0.266
Trincomalee,22,0.101,0.46
Trincomalee,23,0.069,0.371
Trincomalee,24,0.08,0.418
Trincomalee,25,0.021,0.274
Trincomalee,26,0.033,0.393
